what,kind,bundleId,bundleVersion,description,time
deactivated,workbench,org.eclipse.ui.workbench,3.7.1.v20120104-1859,"",1350021159829
activated,workbench,org.eclipse.ui.workbench,3.7.1.v20120104-1859,"",1350021161508
executed,command,com.pittypanda.plugins.couch,1.0.0.201010261838,"com.pittypanda.plugins.couch.commands.push",1350021162389
deactivated,workbench,org.eclipse.ui.workbench,3.7.1.v20120104-1859,"",1350021167824
activated,workbench,org.eclipse.ui.workbench,3.7.1.v20120104-1859,"",1350021186033
activated,editor,org.eclipse.wst.jsdt.ui,1.1.102.v201201131900,"org.eclipse.wst.jsdt.ui.CompilationUnitEditor",1350021188357
activated,editor,org.eclipse.wst.jsdt.ui,1.1.102.v201201131900,"org.eclipse.wst.jsdt.ui.CompilationUnitEditor",1350021189153
activated,view,org.eclipse.wst.jsdt.ui,1.1.102.v201201131900,"org.eclipse.wst.jsdt.ui.PackageExplorer",1350021190060
opened,editor,org.eclipse.wst.jsdt.ui,1.1.102.v201201131900,"org.eclipse.wst.jsdt.ui.CompilationUnitEditor",1350021190338
activated,editor,org.eclipse.wst.jsdt.ui,1.1.102.v201201131900,"org.eclipse.wst.jsdt.ui.CompilationUnitEditor",1350021190358
deactivated,workbench,org.eclipse.ui.workbench,3.7.1.v20120104-1859,"",1350021194650
activated,workbench,org.eclipse.ui.workbench,3.7.1.v20120104-1859,"",1350021227045
activated,view,org.eclipse.wst.jsdt.ui,1.1.102.v201201131900,"org.eclipse.wst.jsdt.ui.PackageExplorer",1350021228470
opened,editor,org.eclipse.wst.jsdt.ui,1.1.102.v201201131900,"org.eclipse.wst.jsdt.ui.CompilationUnitEditor",1350021228748
activated,editor,org.eclipse.wst.jsdt.ui,1.1.102.v201201131900,"org.eclipse.wst.jsdt.ui.CompilationUnitEditor",1350021228767
activated,editor,org.eclipse.wst.jsdt.ui,1.1.102.v201201131900,"org.eclipse.wst.jsdt.ui.CompilationUnitEditor",1350021249167
activated,editor,org.eclipse.wst.jsdt.ui,1.1.102.v201201131900,"org.eclipse.wst.jsdt.ui.CompilationUnitEditor",1350021268612
activated,editor,org.eclipse.wst.jsdt.ui,1.1.102.v201201131900,"org.eclipse.wst.jsdt.ui.CompilationUnitEditor",1350021270082
executed,command,org.eclipse.ui,3.7.0.v20110928-1505,"org.eclipse.ui.edit.undo",1350021270818
executed,command,org.eclipse.ui,3.7.0.v20110928-1505,"org.eclipse.ui.edit.undo",1350021271068
executed,command,org.eclipse.ui,3.7.0.v20110928-1505,"org.eclipse.ui.edit.undo",1350021271113
executed,command,org.eclipse.ui,3.7.0.v20110928-1505,"org.eclipse.ui.edit.undo",1350021271138
executed,command,org.eclipse.ui,3.7.0.v20110928-1505,"org.eclipse.ui.edit.undo",1350021271184
executed,command,org.eclipse.ui,3.7.0.v20110928-1505,"org.eclipse.ui.edit.undo",1350021271196
activated,editor,org.eclipse.wst.jsdt.ui,1.1.102.v201201131900,"org.eclipse.wst.jsdt.ui.CompilationUnitEditor",1350021273166
activated,editor,org.eclipse.wst.jsdt.ui,1.1.102.v201201131900,"org.eclipse.wst.jsdt.ui.CompilationUnitEditor",1350021274737
activated,editor,org.eclipse.wst.jsdt.ui,1.1.102.v201201131900,"org.eclipse.wst.jsdt.ui.CompilationUnitEditor",1350021275194
closed,editor,org.eclipse.wst.jsdt.ui,1.1.102.v201201131900,"org.eclipse.wst.jsdt.ui.CompilationUnitEditor",1350021275194
activated,editor,org.eclipse.wst.jsdt.ui,1.1.102.v201201131900,"org.eclipse.wst.jsdt.ui.CompilationUnitEditor",1350021276296
activated,editor,org.eclipse.wst.jsdt.ui,1.1.102.v201201131900,"org.eclipse.wst.jsdt.ui.CompilationUnitEditor",1350021279398
closed,editor,org.eclipse.wst.jsdt.ui,1.1.102.v201201131900,"org.eclipse.wst.jsdt.ui.CompilationUnitEditor",1350021279399
executed,command,org.eclipse.ui,3.7.0.v20110928-1505,"org.eclipse.ui.file.save",1350021301270
activated,view,org.eclipse.wst.jsdt.ui,1.1.102.v201201131900,"org.eclipse.wst.jsdt.ui.PackageExplorer",1350021305332
deactivated,workbench,org.eclipse.ui.workbench,3.7.1.v20120104-1859,"",1350021306552
activated,workbench,org.eclipse.ui.workbench,3.7.1.v20120104-1859,"",1350021308635
executed,command,com.pittypanda.plugins.couch,1.0.0.201010261838,"com.pittypanda.plugins.couch.commands.push",1350021309935
deactivated,workbench,org.eclipse.ui.workbench,3.7.1.v20120104-1859,"",1350021312218
activated,workbench,org.eclipse.ui.workbench,3.7.1.v20120104-1859,"",1350021321531
deactivated,workbench,org.eclipse.ui.workbench,3.7.1.v20120104-1859,"",1350021323564
activated,workbench,org.eclipse.ui.workbench,3.7.1.v20120104-1859,"",1350022113901
activated,editor,org.eclipse.wst.jsdt.ui,1.1.102.v201201131900,"org.eclipse.wst.jsdt.ui.CompilationUnitEditor",1350022117816
activated,editor,org.eclipse.wst.jsdt.ui,1.1.102.v201201131900,"org.eclipse.wst.jsdt.ui.CompilationUnitEditor",1350022118951
activated,view,org.eclipse.wst.jsdt.ui,1.1.102.v201201131900,"org.eclipse.wst.jsdt.ui.PackageExplorer",1350022141616
activated,editor,org.eclipse.wst.jsdt.ui,1.1.102.v201201131900,"org.eclipse.wst.jsdt.ui.CompilationUnitEditor",1350022146819
activated,view,org.eclipse.wst.jsdt.ui,1.1.102.v201201131900,"org.eclipse.wst.jsdt.ui.PackageExplorer",1350022154150
opened,editor,org.eclipse.wst.jsdt.ui,1.1.102.v201201131900,"org.eclipse.wst.jsdt.ui.CompilationUnitEditor",1350022155736
activated,editor,org.eclipse.wst.jsdt.ui,1.1.102.v201201131900,"org.eclipse.wst.jsdt.ui.CompilationUnitEditor",1350022155760
activated,editor,org.eclipse.wst.jsdt.ui,1.1.102.v201201131900,"org.eclipse.wst.jsdt.ui.CompilationUnitEditor",1350022164016
activated,editor,org.eclipse.wst.jsdt.ui,1.1.102.v201201131900,"org.eclipse.wst.jsdt.ui.CompilationUnitEditor",1350022166578
activated,editor,org.eclipse.wst.jsdt.ui,1.1.102.v201201131900,"org.eclipse.wst.jsdt.ui.CompilationUnitEditor",1350022178969
deactivated,workbench,org.eclipse.ui.workbench,3.7.1.v20120104-1859,"",1350022180736
activated,workbench,org.eclipse.ui.workbench,3.7.1.v20120104-1859,"",1350022185828
activated,editor,org.eclipse.wst.jsdt.ui,1.1.102.v201201131900,"org.eclipse.wst.jsdt.ui.CompilationUnitEditor",1350022207723
deactivated,workbench,org.eclipse.ui.workbench,3.7.1.v20120104-1859,"",1350022209259
activated,workbench,org.eclipse.ui.workbench,3.7.1.v20120104-1859,"",1350022228555
deactivated,workbench,org.eclipse.ui.workbench,3.7.1.v20120104-1859,"",1350022230764
activated,workbench,org.eclipse.ui.workbench,3.7.1.v20120104-1859,"",1350070828327
activated,editor,org.eclipse.wst.jsdt.ui,1.1.102.v201201131900,"org.eclipse.wst.jsdt.ui.CompilationUnitEditor",1350070836740
closed,editor,org.eclipse.wst.jsdt.ui,1.1.102.v201201131900,"org.eclipse.wst.jsdt.ui.CompilationUnitEditor",1350070836740
activated,editor,org.eclipse.wst.jsdt.ui,1.1.102.v201201131900,"org.eclipse.wst.jsdt.ui.CompilationUnitEditor",1350070837803
activated,editor,org.eclipse.wst.jsdt.ui,1.1.102.v201201131900,"org.eclipse.wst.jsdt.ui.CompilationUnitEditor",1350070839707
closed,editor,org.eclipse.wst.jsdt.ui,1.1.102.v201201131900,"org.eclipse.wst.jsdt.ui.CompilationUnitEditor",1350070839707
activated,view,org.eclipse.wst.jsdt.ui,1.1.102.v201201131900,"org.eclipse.wst.jsdt.ui.PackageExplorer",1350070841414
opened,editor,org.eclipse.wst.jsdt.ui,1.1.102.v201201131900,"org.eclipse.wst.jsdt.ui.CompilationUnitEditor",1350070841796
activated,editor,org.eclipse.wst.jsdt.ui,1.1.102.v201201131900,"org.eclipse.wst.jsdt.ui.CompilationUnitEditor",1350070841815
deactivated,workbench,org.eclipse.ui.workbench,3.7.1.v20120104-1859,"",1350070845841
activated,workbench,org.eclipse.ui.workbench,3.7.1.v20120104-1859,"",1350070855978
activated,view,org.eclipse.wst.jsdt.ui,1.1.102.v201201131900,"org.eclipse.wst.jsdt.ui.PackageExplorer",1350070862299
opened,editor,org.eclipse.wst.jsdt.ui,1.1.102.v201201131900,"org.eclipse.wst.jsdt.ui.CompilationUnitEditor",1350070864053
activated,editor,org.eclipse.wst.jsdt.ui,1.1.102.v201201131900,"org.eclipse.wst.jsdt.ui.CompilationUnitEditor",1350070864076
activated,view,org.eclipse.wst.jsdt.ui,1.1.102.v201201131900,"org.eclipse.wst.jsdt.ui.PackageExplorer",1350070864160
activated,editor,org.eclipse.wst.jsdt.ui,1.1.102.v201201131900,"org.eclipse.wst.jsdt.ui.CompilationUnitEditor",1350070873435
activated,editor,org.eclipse.wst.jsdt.ui,1.1.102.v201201131900,"org.eclipse.wst.jsdt.ui.CompilationUnitEditor",1350070873478
closed,editor,org.eclipse.wst.jsdt.ui,1.1.102.v201201131900,"org.eclipse.wst.jsdt.ui.CompilationUnitEditor",1350070873478
deactivated,workbench,org.eclipse.ui.workbench,3.7.1.v20120104-1859,"",1350070876348
activated,workbench,org.eclipse.ui.workbench,3.7.1.v20120104-1859,"",1350070888729
activated,editor,org.eclipse.wst.jsdt.ui,1.1.102.v201201131900,"org.eclipse.wst.jsdt.ui.CompilationUnitEditor",1350070890593
closed,editor,org.eclipse.wst.jsdt.ui,1.1.102.v201201131900,"org.eclipse.wst.jsdt.ui.CompilationUnitEditor",1350070890593
executed,command,org.eclipse.ui,3.7.0.v20110928-1505,"org.eclipse.ui.edit.copy",1350070899025
deactivated,workbench,org.eclipse.ui.workbench,3.7.1.v20120104-1859,"",1350070899304
activated,workbench,org.eclipse.ui.workbench,3.7.1.v20120104-1859,"",1350070951557
activated,view,org.eclipse.wst.jsdt.ui,1.1.102.v201201131900,"org.eclipse.wst.jsdt.ui.PackageExplorer",1350070955677
opened,editor,org.eclipse.wst.jsdt.ui,1.1.102.v201201131900,"org.eclipse.wst.jsdt.ui.CompilationUnitEditor",1350070956069
activated,editor,org.eclipse.wst.jsdt.ui,1.1.102.v201201131900,"org.eclipse.wst.jsdt.ui.CompilationUnitEditor",1350070956087
activated,view,org.eclipse.wst.jsdt.ui,1.1.102.v201201131900,"org.eclipse.wst.jsdt.ui.PackageExplorer",1350070979488
opened,editor,org.eclipse.wst.jsdt.ui,1.1.102.v201201131900,"org.eclipse.wst.jsdt.ui.CompilationUnitEditor",1350070983331
activated,editor,org.eclipse.wst.jsdt.ui,1.1.102.v201201131900,"org.eclipse.wst.jsdt.ui.CompilationUnitEditor",1350070983352
executed,command,org.eclipse.ui,3.7.0.v20110928-1505,"org.eclipse.ui.edit.copy",1350070993984
activated,editor,org.eclipse.wst.jsdt.ui,1.1.102.v201201131900,"org.eclipse.wst.jsdt.ui.CompilationUnitEditor",1350070994673
executed,command,org.eclipse.ui,3.7.0.v20110928-1505,"org.eclipse.ui.edit.paste",1350070996979
activated,editor,org.eclipse.wst.jsdt.ui,1.1.102.v201201131900,"org.eclipse.wst.jsdt.ui.CompilationUnitEditor",1350071007671
activated,editor,org.eclipse.wst.jsdt.ui,1.1.102.v201201131900,"org.eclipse.wst.jsdt.ui.CompilationUnitEditor",1350071012252
executed,command,org.eclipse.ui,3.7.0.v20110928-1505,"org.eclipse.ui.file.save",1350071041561
activated,view,org.eclipse.wst.jsdt.ui,1.1.102.v201201131900,"org.eclipse.wst.jsdt.ui.PackageExplorer",1350071044007
deactivated,workbench,org.eclipse.ui.workbench,3.7.1.v20120104-1859,"",1350071044910
activated,workbench,org.eclipse.ui.workbench,3.7.1.v20120104-1859,"",1350071047480
executed,command,com.pittypanda.plugins.couch,1.0.0.201010261838,"com.pittypanda.plugins.couch.commands.push",1350071048867
activated,editor,org.eclipse.wst.jsdt.ui,1.1.102.v201201131900,"org.eclipse.wst.jsdt.ui.CompilationUnitEditor",1350071052059
activated,editor,org.eclipse.wst.jsdt.ui,1.1.102.v201201131900,"org.eclipse.wst.jsdt.ui.CompilationUnitEditor",1350071053549
deactivated,workbench,org.eclipse.ui.workbench,3.7.1.v20120104-1859,"",1350071055558
activated,workbench,org.eclipse.ui.workbench,3.7.1.v20120104-1859,"",1350071099640
activated,editor,org.eclipse.wst.jsdt.ui,1.1.102.v201201131900,"org.eclipse.wst.jsdt.ui.CompilationUnitEditor",1350071102165
activated,view,org.eclipse.wst.jsdt.ui,1.1.102.v201201131900,"org.eclipse.wst.jsdt.ui.PackageExplorer",1350071109924
opened,editor,org.eclipse.wst.jsdt.ui,1.1.102.v201201131900,"org.eclipse.wst.jsdt.ui.CompilationUnitEditor",1350071110235
activated,editor,org.eclipse.wst.jsdt.ui,1.1.102.v201201131900,"org.eclipse.wst.jsdt.ui.CompilationUnitEditor",1350071110257
activated,editor,org.eclipse.wst.jsdt.ui,1.1.102.v201201131900,"org.eclipse.wst.jsdt.ui.CompilationUnitEditor",1350071113072
closed,editor,org.eclipse.wst.jsdt.ui,1.1.102.v201201131900,"org.eclipse.wst.jsdt.ui.CompilationUnitEditor",1350071113072
activated,editor,org.eclipse.wst.jsdt.ui,1.1.102.v201201131900,"org.eclipse.wst.jsdt.ui.CompilationUnitEditor",1350071116790
activated,editor,org.eclipse.wst.jsdt.ui,1.1.102.v201201131900,"org.eclipse.wst.jsdt.ui.CompilationUnitEditor",1350071120102
activated,editor,org.eclipse.wst.jsdt.ui,1.1.102.v201201131900,"org.eclipse.wst.jsdt.ui.CompilationUnitEditor",1350071122451
activated,editor,org.eclipse.wst.jsdt.ui,1.1.102.v201201131900,"org.eclipse.wst.jsdt.ui.CompilationUnitEditor",1350071127332
activated,editor,org.eclipse.wst.jsdt.ui,1.1.102.v201201131900,"org.eclipse.wst.jsdt.ui.CompilationUnitEditor",1350071128853
executed,command,org.eclipse.ui,3.7.0.v20110928-1505,"org.eclipse.ui.file.save",1350071130910
activated,view,org.eclipse.wst.jsdt.ui,1.1.102.v201201131900,"org.eclipse.wst.jsdt.ui.PackageExplorer",1350071132321
deactivated,workbench,org.eclipse.ui.workbench,3.7.1.v20120104-1859,"",1350071133477
activated,workbench,org.eclipse.ui.workbench,3.7.1.v20120104-1859,"",1350071135338
executed,command,com.pittypanda.plugins.couch,1.0.0.201010261838,"com.pittypanda.plugins.couch.commands.push",1350071136267
deactivated,workbench,org.eclipse.ui.workbench,3.7.1.v20120104-1859,"",1350071136299
activated,workbench,org.eclipse.ui.workbench,3.7.1.v20120104-1859,"",1350071150255
activated,editor,org.eclipse.wst.jsdt.ui,1.1.102.v201201131900,"org.eclipse.wst.jsdt.ui.CompilationUnitEditor",1350071152544
executed,command,org.eclipse.ui,3.7.0.v20110928-1505,"org.eclipse.ui.file.save",1350071167079
executed,command,org.eclipse.ui,3.7.0.v20110928-1505,"org.eclipse.ui.file.save",1350071185663
deactivated,workbench,org.eclipse.ui.workbench,3.7.1.v20120104-1859,"",1350071186725
activated,workbench,org.eclipse.ui.workbench,3.7.1.v20120104-1859,"",1350071237571
deactivated,workbench,org.eclipse.ui.workbench,3.7.1.v20120104-1859,"",1350071255745
activated,workbench,org.eclipse.ui.workbench,3.7.1.v20120104-1859,"",1350071260340
executed,command,org.eclipse.ui,3.7.0.v20110928-1505,"org.eclipse.ui.file.save",1350071264607
activated,view,org.eclipse.wst.jsdt.ui,1.1.102.v201201131900,"org.eclipse.wst.jsdt.ui.PackageExplorer",1350071267280
deactivated,workbench,org.eclipse.ui.workbench,3.7.1.v20120104-1859,"",1350071268221
activated,workbench,org.eclipse.ui.workbench,3.7.1.v20120104-1859,"",1350071270860
executed,command,com.pittypanda.plugins.couch,1.0.0.201010261838,"com.pittypanda.plugins.couch.commands.push",1350071271755
deactivated,workbench,org.eclipse.ui.workbench,3.7.1.v20120104-1859,"",1350071274974
activated,workbench,org.eclipse.ui.workbench,3.7.1.v20120104-1859,"",1350071320582
activated,editor,org.eclipse.wst.jsdt.ui,1.1.102.v201201131900,"org.eclipse.wst.jsdt.ui.CompilationUnitEditor",1350071326714
executed,command,org.eclipse.ui,3.7.0.v20110928-1505,"org.eclipse.ui.edit.cut",1350071337535
executed,command,org.eclipse.ui,3.7.0.v20110928-1505,"org.eclipse.ui.edit.paste",1350071338751
executed,command,org.eclipse.ui,3.7.0.v20110928-1505,"org.eclipse.ui.file.save",1350071346316
activated,view,org.eclipse.wst.jsdt.ui,1.1.102.v201201131900,"org.eclipse.wst.jsdt.ui.PackageExplorer",1350071348365
deactivated,workbench,org.eclipse.ui.workbench,3.7.1.v20120104-1859,"",1350071350100
activated,workbench,org.eclipse.ui.workbench,3.7.1.v20120104-1859,"",1350071352826
executed,command,com.pittypanda.plugins.couch,1.0.0.201010261838,"com.pittypanda.plugins.couch.commands.push",1350071353670
deactivated,workbench,org.eclipse.ui.workbench,3.7.1.v20120104-1859,"",1350071365687
activated,workbench,org.eclipse.ui.workbench,3.7.1.v20120104-1859,"",1350071373336
activated,editor,org.eclipse.wst.jsdt.ui,1.1.102.v201201131900,"org.eclipse.wst.jsdt.ui.CompilationUnitEditor",1350071374496
executed,command,org.eclipse.ui,3.7.0.v20110928-1505,"org.eclipse.ui.file.save",1350071377267
activated,view,org.eclipse.wst.jsdt.ui,1.1.102.v201201131900,"org.eclipse.wst.jsdt.ui.PackageExplorer",1350071378720
activated,editor,org.eclipse.wst.jsdt.ui,1.1.102.v201201131900,"org.eclipse.wst.jsdt.ui.CompilationUnitEditor",1350071381600
executed,command,org.eclipse.ui,3.7.0.v20110928-1505,"org.eclipse.ui.file.save",1350071384085
activated,view,org.eclipse.wst.jsdt.ui,1.1.102.v201201131900,"org.eclipse.wst.jsdt.ui.PackageExplorer",1350071386193
deactivated,workbench,org.eclipse.ui.workbench,3.7.1.v20120104-1859,"",1350071387168
activated,workbench,org.eclipse.ui.workbench,3.7.1.v20120104-1859,"",1350071389388
executed,command,com.pittypanda.plugins.couch,1.0.0.201010261838,"com.pittypanda.plugins.couch.commands.push",1350071389768
deactivated,workbench,org.eclipse.ui.workbench,3.7.1.v20120104-1859,"",1350071391082
activated,workbench,org.eclipse.ui.workbench,3.7.1.v20120104-1859,"",1350071393817
activated,editor,org.eclipse.wst.jsdt.ui,1.1.102.v201201131900,"org.eclipse.wst.jsdt.ui.CompilationUnitEditor",1350071393948
executed,command,org.eclipse.ui,3.7.0.v20110928-1505,"org.eclipse.ui.file.save",1350071400697
deactivated,workbench,org.eclipse.ui.workbench,3.7.1.v20120104-1859,"",1350071401794
activated,workbench,org.eclipse.ui.workbench,3.7.1.v20120104-1859,"",1350071404033
activated,view,org.eclipse.wst.jsdt.ui,1.1.102.v201201131900,"org.eclipse.wst.jsdt.ui.PackageExplorer",1350071406303
deactivated,workbench,org.eclipse.ui.workbench,3.7.1.v20120104-1859,"",1350071407348
activated,workbench,org.eclipse.ui.workbench,3.7.1.v20120104-1859,"",1350071409392
executed,command,com.pittypanda.plugins.couch,1.0.0.201010261838,"com.pittypanda.plugins.couch.commands.push",1350071409740
deactivated,workbench,org.eclipse.ui.workbench,3.7.1.v20120104-1859,"",1350071412280
activated,workbench,org.eclipse.ui.workbench,3.7.1.v20120104-1859,"",1350071414456
activated,editor,org.eclipse.wst.jsdt.ui,1.1.102.v201201131900,"org.eclipse.wst.jsdt.ui.CompilationUnitEditor",1350071417186
executed,command,org.eclipse.ui,3.7.0.v20110928-1505,"org.eclipse.ui.file.save",1350071435010
deactivated,workbench,org.eclipse.ui.workbench,3.7.1.v20120104-1859,"",1350071436770
activated,workbench,org.eclipse.ui.workbench,3.7.1.v20120104-1859,"",1350071446837
activated,view,org.eclipse.wst.jsdt.ui,1.1.102.v201201131900,"org.eclipse.wst.jsdt.ui.PackageExplorer",1350071449530
deactivated,workbench,org.eclipse.ui.workbench,3.7.1.v20120104-1859,"",1350071450400
activated,workbench,org.eclipse.ui.workbench,3.7.1.v20120104-1859,"",1350071452216
executed,command,com.pittypanda.plugins.couch,1.0.0.201010261838,"com.pittypanda.plugins.couch.commands.push",1350071453082
deactivated,workbench,org.eclipse.ui.workbench,3.7.1.v20120104-1859,"",1350071453477
activated,workbench,org.eclipse.ui.workbench,3.7.1.v20120104-1859,"",1350071651007
activated,editor,org.eclipse.wst.jsdt.ui,1.1.102.v201201131900,"org.eclipse.wst.jsdt.ui.CompilationUnitEditor",1350071655438
executed,command,org.eclipse.ui,3.7.0.v20110928-1505,"org.eclipse.ui.file.save",1350071658176
activated,editor,org.eclipse.wst.jsdt.ui,1.1.102.v201201131900,"org.eclipse.wst.jsdt.ui.CompilationUnitEditor",1350071660431
executed,command,org.eclipse.ui,3.7.0.v20110928-1505,"org.eclipse.ui.file.save",1350071690151
activated,view,org.eclipse.wst.jsdt.ui,1.1.102.v201201131900,"org.eclipse.wst.jsdt.ui.PackageExplorer",1350071691540
deactivated,workbench,org.eclipse.ui.workbench,3.7.1.v20120104-1859,"",1350071692681
activated,workbench,org.eclipse.ui.workbench,3.7.1.v20120104-1859,"",1350071695529
executed,command,com.pittypanda.plugins.couch,1.0.0.201010261838,"com.pittypanda.plugins.couch.commands.push",1350071696696
deactivated,workbench,org.eclipse.ui.workbench,3.7.1.v20120104-1859,"",1350071697853
activated,workbench,org.eclipse.ui.workbench,3.7.1.v20120104-1859,"",1350071712381
activated,editor,org.eclipse.wst.jsdt.ui,1.1.102.v201201131900,"org.eclipse.wst.jsdt.ui.CompilationUnitEditor",1350071713833
executed,command,org.eclipse.ui,3.7.0.v20110928-1505,"org.eclipse.ui.file.save",1350071745771
activated,view,org.eclipse.wst.jsdt.ui,1.1.102.v201201131900,"org.eclipse.wst.jsdt.ui.PackageExplorer",1350071747804
deactivated,workbench,org.eclipse.ui.workbench,3.7.1.v20120104-1859,"",1350071749619
activated,workbench,org.eclipse.ui.workbench,3.7.1.v20120104-1859,"",1350071751504
executed,command,com.pittypanda.plugins.couch,1.0.0.201010261838,"com.pittypanda.plugins.couch.commands.push",1350071751997
deactivated,workbench,org.eclipse.ui.workbench,3.7.1.v20120104-1859,"",1350071753692
activated,workbench,org.eclipse.ui.workbench,3.7.1.v20120104-1859,"",1350071790519
activated,editor,org.eclipse.wst.jsdt.ui,1.1.102.v201201131900,"org.eclipse.wst.jsdt.ui.CompilationUnitEditor",1350071800127
activated,editor,org.eclipse.wst.jsdt.ui,1.1.102.v201201131900,"org.eclipse.wst.jsdt.ui.CompilationUnitEditor",1350071804451
activated,editor,org.eclipse.wst.jsdt.ui,1.1.102.v201201131900,"org.eclipse.wst.jsdt.ui.CompilationUnitEditor",1350071806130
executed,command,org.eclipse.ui,3.7.0.v20110928-1505,"org.eclipse.ui.file.save",1350071830336
activated,view,org.eclipse.wst.jsdt.ui,1.1.102.v201201131900,"org.eclipse.wst.jsdt.ui.PackageExplorer",1350071832954
deactivated,workbench,org.eclipse.ui.workbench,3.7.1.v20120104-1859,"",1350071833768
activated,workbench,org.eclipse.ui.workbench,3.7.1.v20120104-1859,"",1350071836166
executed,command,com.pittypanda.plugins.couch,1.0.0.201010261838,"com.pittypanda.plugins.couch.commands.push",1350071837077
deactivated,workbench,org.eclipse.ui.workbench,3.7.1.v20120104-1859,"",1350071837416
activated,workbench,org.eclipse.ui.workbench,3.7.1.v20120104-1859,"",1350071863947
deactivated,workbench,org.eclipse.ui.workbench,3.7.1.v20120104-1859,"",1350071863973
activated,workbench,org.eclipse.ui.workbench,3.7.1.v20120104-1859,"",1350071864003
activated,editor,org.eclipse.wst.jsdt.ui,1.1.102.v201201131900,"org.eclipse.wst.jsdt.ui.CompilationUnitEditor",1350071873209
executed,command,org.eclipse.ui,3.7.0.v20110928-1505,"org.eclipse.ui.edit.paste",1350071874753
executed,command,org.eclipse.ui,3.7.0.v20110928-1505,"org.eclipse.ui.edit.copy",1350071883073
executed,command,org.eclipse.ui,3.7.0.v20110928-1505,"org.eclipse.ui.edit.paste",1350071886538
deactivated,workbench,org.eclipse.ui.workbench,3.7.1.v20120104-1859,"",1350071914493
activated,workbench,org.eclipse.ui.workbench,3.7.1.v20120104-1859,"",1350071918992
executed,command,org.eclipse.ui,3.7.0.v20110928-1505,"org.eclipse.ui.edit.paste",1350071923712
activated,editor,org.eclipse.wst.html.ui,1.0.602.v201202091936,"org.eclipse.wst.html.core.htmlsource.source",1350071949379
executed,command,org.eclipse.ui,3.7.0.v20110928-1505,"org.eclipse.ui.edit.copy",1350071956003
executed,command,org.eclipse.ui,3.7.0.v20110928-1505,"org.eclipse.ui.edit.paste",1350071958110
executed,command,org.eclipse.ui,3.7.0.v20110928-1505,"org.eclipse.ui.file.save",1350071991611
activated,editor,org.eclipse.wst.jsdt.ui,1.1.102.v201201131900,"org.eclipse.wst.jsdt.ui.CompilationUnitEditor",1350071992901
executed,command,org.eclipse.ui,3.7.0.v20110928-1505,"org.eclipse.ui.file.save",1350071993745
activated,view,org.eclipse.wst.jsdt.ui,1.1.102.v201201131900,"org.eclipse.wst.jsdt.ui.PackageExplorer",1350071996671
deactivated,workbench,org.eclipse.ui.workbench,3.7.1.v20120104-1859,"",1350071998210
activated,workbench,org.eclipse.ui.workbench,3.7.1.v20120104-1859,"",1350072000335
executed,command,com.pittypanda.plugins.couch,1.0.0.201010261838,"com.pittypanda.plugins.couch.commands.push",1350072001571
deactivated,workbench,org.eclipse.ui.workbench,3.7.1.v20120104-1859,"",1350072001584
activated,workbench,org.eclipse.ui.workbench,3.7.1.v20120104-1859,"",1350072045117
deactivated,workbench,org.eclipse.ui.workbench,3.7.1.v20120104-1859,"",1350072057999
activated,workbench,org.eclipse.ui.workbench,3.7.1.v20120104-1859,"",1350072060979
activated,editor,org.eclipse.wst.jsdt.ui,1.1.102.v201201131900,"org.eclipse.wst.jsdt.ui.CompilationUnitEditor",1350072062053
activated,editor,org.eclipse.wst.jsdt.ui,1.1.102.v201201131900,"org.eclipse.wst.jsdt.ui.CompilationUnitEditor",1350072063043
activated,view,org.eclipse.wst.jsdt.ui,1.1.102.v201201131900,"org.eclipse.wst.jsdt.ui.PackageExplorer",1350072065560
activated,editor,org.eclipse.wst.jsdt.ui,1.1.102.v201201131900,"org.eclipse.wst.jsdt.ui.CompilationUnitEditor",1350072065775
activated,view,org.eclipse.wst.jsdt.ui,1.1.102.v201201131900,"org.eclipse.wst.jsdt.ui.PackageExplorer",1350072067032
activated,editor,org.eclipse.wst.jsdt.ui,1.1.102.v201201131900,"org.eclipse.wst.jsdt.ui.CompilationUnitEditor",1350072067304
activated,view,org.eclipse.wst.jsdt.ui,1.1.102.v201201131900,"org.eclipse.wst.jsdt.ui.PackageExplorer",1350072069105
opened,editor,org.eclipse.wst.jsdt.ui,1.1.102.v201201131900,"org.eclipse.wst.jsdt.ui.CompilationUnitEditor",1350072069402
activated,editor,org.eclipse.wst.jsdt.ui,1.1.102.v201201131900,"org.eclipse.wst.jsdt.ui.CompilationUnitEditor",1350072069424
executed,command,org.eclipse.ui,3.7.0.v20110928-1505,"org.eclipse.ui.edit.copy",1350072072345
activated,editor,org.eclipse.wst.jsdt.ui,1.1.102.v201201131900,"org.eclipse.wst.jsdt.ui.CompilationUnitEditor",1350072073290
executed,command,org.eclipse.ui,3.7.0.v20110928-1505,"org.eclipse.ui.edit.paste",1350072075677
executed,command,org.eclipse.ui,3.7.0.v20110928-1505,"org.eclipse.ui.file.save",1350072078027
activated,view,org.eclipse.wst.jsdt.ui,1.1.102.v201201131900,"org.eclipse.wst.jsdt.ui.PackageExplorer",1350072079532
deactivated,workbench,org.eclipse.ui.workbench,3.7.1.v20120104-1859,"",1350072080518
activated,workbench,org.eclipse.ui.workbench,3.7.1.v20120104-1859,"",1350072082638
executed,command,com.pittypanda.plugins.couch,1.0.0.201010261838,"com.pittypanda.plugins.couch.commands.push",1350072084441
deactivated,workbench,org.eclipse.ui.workbench,3.7.1.v20120104-1859,"",1350072084455
activated,workbench,org.eclipse.ui.workbench,3.7.1.v20120104-1859,"",1350073069098
activated,editor,org.eclipse.wst.jsdt.ui,1.1.102.v201201131900,"org.eclipse.wst.jsdt.ui.CompilationUnitEditor",1350073072098
deactivated,workbench,org.eclipse.ui.workbench,3.7.1.v20120104-1859,"",1350073083429
activated,workbench,org.eclipse.ui.workbench,3.7.1.v20120104-1859,"",1350073113894
activated,view,org.eclipse.wst.jsdt.ui,1.1.102.v201201131900,"org.eclipse.wst.jsdt.ui.PackageExplorer",1350073118907
activated,editor,org.eclipse.wst.jsdt.ui,1.1.102.v201201131900,"org.eclipse.wst.jsdt.ui.CompilationUnitEditor",1350073119176
executed,command,org.eclipse.ui,3.7.0.v20110928-1505,"org.eclipse.ui.file.save",1350073136584
